maintanance_job_code,eo_code,maintanance_category_id,maintanance_name,maint_interval,downtime,man_hours,tr_service_interval
sl_730_1_43,sl_730_1,to250,ТО1-250,250.0,1.2,1.8,
sl_730_1_52,sl_730_1,tr1,ТР,250.0,7.0,8.0,250.0
sl_730_1_52,sl_730_1,tr1,ТР,500.0,7.0,8.0,500.0
sl_730_1_44,sl_730_1,to500,ТО2-500,500.0,11.0,16.5,
sl_730_1_43,sl_730_1,to250,ТО1-250,750.0,1.2,1.8,
sl_730_1_52,sl_730_1,tr1,ТР,750.0,7.0,8.0,750.0
sl_730_1_52,sl_730_1,tr1,ТР,1000.0,7.0,8.0,1000.0
sl_730_1_45,sl_730_1,to1000,ТО3-1000,1000.0,12.0,18.0,
sl_730_1_43,sl_730_1,to250,ТО1-250,1250.0,1.2,1.8,
sl_730_1_52,sl_730_1,tr1,ТР,1250.0,7.0,8.0,1250.0
sl_730_1_52,sl_730_1,tr1,ТР,1500.0,7.0,8.0,1500.0
sl_730_1_46,sl_730_1,to1500,ТО4-1500,1500.0,13.0,19.5,
sl_730_1_43,sl_730_1,to250,ТО1-250,1750.0,1.2,1.8,
sl_730_1_52,sl_730_1,tr1,ТР,1750.0,7.0,8.0,1750.0
sl_730_1_52,sl_730_1,tr1,ТР,2000.0,7.0,8.0,2000.0
sl_730_1_57,sl_730_1,lining_partitial,СВч (частичная футеровка),2000.0,12.0,18.0,
sl_730_1_47,sl_730_1,to2000,ТО5-2000,2000.0,14.0,21.0,
sl_730_1_43,sl_730_1,to250,ТО1-250,2250.0,1.2,1.8,
sl_730_1_52,sl_730_1,tr1,ТР,2250.0,7.0,8.0,2250.0
sl_730_1_52,sl_730_1,tr1,ТР,2500.0,7.0,8.0,2500.0
sl_730_1_48,sl_730_1,to2500,ТО6-2500,2500.0,19.0,28.5,
sl_730_1_43,sl_730_1,to250,ТО1-250,2750.0,1.2,1.8,
sl_730_1_52,sl_730_1,tr1,ТР,2750.0,7.0,8.0,2750.0
sl_730_1_52,sl_730_1,tr1,ТР,3000.0,7.0,8.0,3000.0
sl_730_1_45,sl_730_1,to1000,ТО3-1000,3000.0,12.0,18.0,
sl_730_1_43,sl_730_1,to250,ТО1-250,3250.0,1.2,1.8,
sl_730_1_52,sl_730_1,tr1,ТР,3250.0,7.0,8.0,3250.0
sl_730_1_52,sl_730_1,tr1,ТР,3500.0,7.0,8.0,3500.0
sl_730_1_44,sl_730_1,to500,ТО2-500,3500.0,11.0,16.5,
sl_730_1_43,sl_730_1,to250,ТО1-250,3750.0,1.2,1.8,
sl_730_1_52,sl_730_1,tr1,ТР,3750.0,7.0,8.0,3750.0
sl_730_1_52,sl_730_1,tr1,ТР,4000.0,7.0,8.0,4000.0
sl_730_1_49,sl_730_1,to4000,ТО7-4000,4000.0,19.5,29.25,
sl_730_1_43,sl_730_1,to250,ТО1-250,4250.0,1.2,1.8,
sl_730_1_52,sl_730_1,tr1,ТР,4250.0,7.0,8.0,4250.0
sl_730_1_52,sl_730_1,tr1,ТР,4500.0,7.0,8.0,4500.0
sl_730_1_43,sl_730_1,to250,ТО1-250,4750.0,1.2,1.8,
sl_730_1_52,sl_730_1,tr1,ТР,4750.0,7.0,8.0,4750.0
sl_730_1_52,sl_730_1,tr1,ТР,5000.0,7.0,8.0,5000.0
sl_730_1_50,sl_730_1,to5000,ТО8-5000,5000.0,20.0,30.0,
sl_730_1_43,sl_730_1,to250,ТО1-250,5250.0,1.2,1.8,
sl_730_1_52,sl_730_1,tr1,ТР,5250.0,7.0,8.0,5250.0
sl_730_1_52,sl_730_1,tr1,ТР,5500.0,7.0,8.0,5500.0
sl_730_1_44,sl_730_1,to500,ТО2-500,5500.0,11.0,16.5,
sl_730_1_43,sl_730_1,to250,ТО1-250,5750.0,1.2,1.8,
sl_730_1_52,sl_730_1,tr1,ТР,5750.0,7.0,8.0,5750.0
sl_730_1_52,sl_730_1,tr1,ТР,6000.0,7.0,8.0,6000.0
sl_730_1_47,sl_730_1,to2000,ТО5-2000,6000.0,14.0,21.0,
sl_730_1_43,sl_730_1,to250,ТО1-250,6250.0,1.2,1.8,
sl_730_1_52,sl_730_1,tr1,ТР,6250.0,7.0,8.0,6250.0
sl_730_1_52,sl_730_1,tr1,ТР,6500.0,7.0,8.0,6500.0
sl_730_1_44,sl_730_1,to500,ТО2-500,6500.0,11.0,16.5,
sl_730_1_43,sl_730_1,to250,ТО1-250,6750.0,1.2,1.8,
sl_730_1_52,sl_730_1,tr1,ТР,6750.0,7.0,8.0,6750.0
sl_730_1_52,sl_730_1,tr1,ТР,7000.0,7.0,8.0,7000.0
sl_730_1_45,sl_730_1,to1000,ТО3-1000,7000.0,12.0,18.0,
sl_730_1_43,sl_730_1,to250,ТО1-250,7250.0,1.2,1.8,
sl_730_1_52,sl_730_1,tr1,ТР,7250.0,7.0,8.0,7250.0
sl_730_1_52,sl_730_1,tr1,ТР,7500.0,7.0,8.0,7500.0
sl_730_1_48,sl_730_1,to2500,ТО6-2500,7500.0,19.0,28.5,
sl_730_1_43,sl_730_1,to250,ТО1-250,7750.0,1.2,1.8,
sl_730_1_52,sl_730_1,tr1,ТР,7750.0,7.0,8.0,7750.0
sl_730_1_52,sl_730_1,tr1,ТР,8000.0,7.0,8.0,8000.0
sl_730_1_51,sl_730_1,to8000,ТО9-8000,8000.0,23.0,34.5,
sl_730_1_43,sl_730_1,to250,ТО1-250,8250.0,1.2,1.8,
sl_730_1_52,sl_730_1,tr1,ТР,8250.0,7.0,8.0,8250.0
sl_730_1_52,sl_730_1,tr1,ТР,8500.0,7.0,8.0,8500.0
sl_730_1_44,sl_730_1,to500,ТО2-500,8500.0,11.0,16.5,
sl_730_1_43,sl_730_1,to250,ТО1-250,8750.0,1.2,1.8,
sl_730_1_52,sl_730_1,tr1,ТР,8750.0,7.0,8.0,8750.0
sl_730_1_52,sl_730_1,tr1,ТР,9000.0,7.0,8.0,9000.0
sl_730_1_45,sl_730_1,to1000,ТО3-1000,9000.0,12.0,18.0,
sl_730_1_43,sl_730_1,to250,ТО1-250,9250.0,1.2,1.8,
sl_730_1_52,sl_730_1,tr1,ТР,9250.0,7.0,8.0,9250.0
sl_730_1_52,sl_730_1,tr1,ТР,9500.0,7.0,8.0,9500.0
sl_730_1_44,sl_730_1,to500,ТО2-500,9500.0,11.0,16.5,
sl_730_1_43,sl_730_1,to250,ТО1-250,9750.0,1.2,1.8,
sl_730_1_52,sl_730_1,tr1,ТР,9750.0,7.0,8.0,9750.0
sl_730_1_52,sl_730_1,tr1,ТР,10000.0,7.0,8.0,10000.0
sl_730_1_58,sl_730_1,lining_full,СВп (полная футеровка),10000.0,48.0,72.0,
sl_730_1_43,sl_730_1,to250,ТО1-250,10250.0,1.2,1.8,
sl_730_1_52,sl_730_1,tr1,ТР,10250.0,7.0,8.0,10250.0
sl_730_1_52,sl_730_1,tr1,ТР,10500.0,7.0,8.0,10500.0
sl_730_1_43,sl_730_1,to250,ТО1-250,10750.0,1.2,1.8,
sl_730_1_52,sl_730_1,tr1,ТР,10750.0,7.0,8.0,10750.0
sl_730_1_52,sl_730_1,tr1,ТР,11000.0,7.0,8.0,11000.0
sl_730_1_45,sl_730_1,to1000,ТО3-1000,11000.0,12.0,18.0,
sl_730_1_43,sl_730_1,to250,ТО1-250,11250.0,1.2,1.8,
sl_730_1_53,sl_730_1,tr2,ТР,11250.0,12.0,15.0,11250.0
sl_730_1_44,sl_730_1,to500,ТО2-500,11500.0,11.0,16.5,
sl_730_1_53,sl_730_1,tr2,ТР,11500.0,12.0,15.0,11500.0
sl_730_1_43,sl_730_1,to250,ТО1-250,11750.0,1.2,1.8,
sl_730_1_53,sl_730_1,tr2,ТР,11750.0,12.0,15.0,11750.0
sl_730_1_53,sl_730_1,tr2,ТР,12000.0,12.0,15.0,12000.0
sl_730_1_49,sl_730_1,to4000,ТО7-4000,12000.0,19.5,29.25,
sl_730_1_43,sl_730_1,to250,ТО1-250,12250.0,1.2,1.8,
sl_730_1_53,sl_730_1,tr2,ТР,12250.0,12.0,15.0,12250.0
sl_730_1_53,sl_730_1,tr2,ТР,12500.0,12.0,15.0,12500.0
sl_730_1_48,sl_730_1,to2500,ТО6-2500,12500.0,19.0,28.5,
sl_730_1_43,sl_730_1,to250,ТО1-250,12750.0,1.2,1.8,
sl_730_1_53,sl_730_1,tr2,ТР,12750.0,12.0,15.0,12750.0
sl_730_1_45,sl_730_1,to1000,ТО3-1000,13000.0,12.0,18.0,
sl_730_1_53,sl_730_1,tr2,ТР,13000.0,12.0,15.0,13000.0
sl_730_1_43,sl_730_1,to250,ТО1-250,13250.0,1.2,1.8,
sl_730_1_53,sl_730_1,tr2,ТР,13250.0,12.0,15.0,13250.0
sl_730_1_53,sl_730_1,tr2,ТР,13500.0,12.0,15.0,13500.0
sl_730_1_43,sl_730_1,to250,ТО1-250,13750.0,1.2,1.8,
sl_730_1_53,sl_730_1,tr2,ТР,13750.0,12.0,15.0,13750.0
sl_730_1_53,sl_730_1,tr2,ТР,14000.0,12.0,15.0,14000.0
sl_730_1_47,sl_730_1,to2000,ТО5-2000,14000.0,14.0,21.0,
sl_730_1_43,sl_730_1,to250,ТО1-250,14250.0,1.2,1.8,
sl_730_1_53,sl_730_1,tr2,ТР,14250.0,12.0,15.0,14250.0
sl_730_1_44,sl_730_1,to500,ТО2-500,14500.0,11.0,16.5,
sl_730_1_53,sl_730_1,tr2,ТР,14500.0,12.0,15.0,14500.0
sl_730_1_43,sl_730_1,to250,ТО1-250,14750.0,1.2,1.8,
sl_730_1_53,sl_730_1,tr2,ТР,14750.0,12.0,15.0,14750.0
sl_730_1_53,sl_730_1,tr2,ТР,15000.0,12.0,15.0,15000.0
sl_730_1_50,sl_730_1,to5000,ТО8-5000,15000.0,20.0,30.0,
sl_730_1_43,sl_730_1,to250,ТО1-250,15250.0,1.2,1.8,
sl_730_1_53,sl_730_1,tr2,ТР,15250.0,12.0,15.0,15250.0
sl_730_1_44,sl_730_1,to500,ТО2-500,15500.0,11.0,16.5,
sl_730_1_53,sl_730_1,tr2,ТР,15500.0,12.0,15.0,15500.0
sl_730_1_43,sl_730_1,to250,ТО1-250,15750.0,1.2,1.8,
sl_730_1_53,sl_730_1,tr2,ТР,15750.0,12.0,15.0,15750.0
sl_730_1_53,sl_730_1,tr2,ТР,16000.0,12.0,15.0,16000.0
sl_730_1_43,sl_730_1,to250,ТО1-250,16250.0,1.2,1.8,
sl_730_1_53,sl_730_1,tr2,ТР,16250.0,12.0,15.0,16250.0
sl_730_1_53,sl_730_1,tr2,ТР,16500.0,12.0,15.0,16500.0
sl_730_1_43,sl_730_1,to250,ТО1-250,16750.0,1.2,1.8,
sl_730_1_53,sl_730_1,tr2,ТР,16750.0,12.0,15.0,16750.0
sl_730_1_45,sl_730_1,to1000,ТО3-1000,17000.0,12.0,18.0,
sl_730_1_53,sl_730_1,tr2,ТР,17000.0,12.0,15.0,17000.0
sl_730_1_43,sl_730_1,to250,ТО1-250,17250.0,1.2,1.8,
sl_730_1_53,sl_730_1,tr2,ТР,17250.0,12.0,15.0,17250.0
sl_730_1_53,sl_730_1,tr2,ТР,17500.0,12.0,15.0,17500.0
sl_730_1_48,sl_730_1,to2500,ТО6-2500,17500.0,19.0,28.5,
sl_730_1_43,sl_730_1,to250,ТО1-250,17750.0,1.2,1.8,
sl_730_1_53,sl_730_1,tr2,ТР,17750.0,12.0,15.0,17750.0
sl_730_1_53,sl_730_1,tr2,ТР,18000.0,12.0,15.0,18000.0
sl_730_1_47,sl_730_1,to2000,ТО5-2000,18000.0,14.0,21.0,
sl_730_1_43,sl_730_1,to250,ТО1-250,18250.0,1.2,1.8,
sl_730_1_53,sl_730_1,tr2,ТР,18250.0,12.0,15.0,18250.0
sl_730_1_44,sl_730_1,to500,ТО2-500,18500.0,11.0,16.5,
sl_730_1_53,sl_730_1,tr2,ТР,18500.0,12.0,15.0,18500.0
sl_730_1_43,sl_730_1,to250,ТО1-250,18750.0,1.2,1.8,
sl_730_1_53,sl_730_1,tr2,ТР,18750.0,12.0,15.0,18750.0
sl_730_1_45,sl_730_1,to1000,ТО3-1000,19000.0,12.0,18.0,
sl_730_1_53,sl_730_1,tr2,ТР,19000.0,12.0,15.0,19000.0
sl_730_1_43,sl_730_1,to250,ТО1-250,19250.0,1.2,1.8,
sl_730_1_53,sl_730_1,tr2,ТР,19250.0,12.0,15.0,19250.0
sl_730_1_53,sl_730_1,tr2,ТР,19500.0,12.0,15.0,19500.0
sl_730_1_43,sl_730_1,to250,ТО1-250,19750.0,1.2,1.8,
sl_730_1_53,sl_730_1,tr2,ТР,19750.0,12.0,15.0,19750.0
sl_730_1_53,sl_730_1,tr2,ТР,20000.0,12.0,15.0,20000.0
sl_730_1_49,sl_730_1,to4000,ТО7-4000,20000.0,19.5,29.25,
sl_730_1_43,sl_730_1,to250,ТО1-250,20250.0,1.2,1.8,
sl_730_1_53,sl_730_1,tr2,ТР,20250.0,12.0,15.0,20250.0
sl_730_1_44,sl_730_1,to500,ТО2-500,20500.0,11.0,16.5,
sl_730_1_53,sl_730_1,tr2,ТР,20500.0,12.0,15.0,20500.0
sl_730_1_43,sl_730_1,to250,ТО1-250,20750.0,1.2,1.8,
sl_730_1_53,sl_730_1,tr2,ТР,20750.0,12.0,15.0,20750.0
sl_730_1_45,sl_730_1,to1000,ТО3-1000,21000.0,12.0,18.0,
sl_730_1_53,sl_730_1,tr2,ТР,21000.0,12.0,15.0,21000.0
sl_730_1_43,sl_730_1,to250,ТО1-250,21250.0,1.2,1.8,
sl_730_1_53,sl_730_1,tr2,ТР,21250.0,12.0,15.0,21250.0
sl_730_1_44,sl_730_1,to500,ТО2-500,21500.0,11.0,16.5,
sl_730_1_53,sl_730_1,tr2,ТР,21500.0,12.0,15.0,21500.0
sl_730_1_43,sl_730_1,to250,ТО1-250,21750.0,1.2,1.8,
sl_730_1_53,sl_730_1,tr2,ТР,21750.0,12.0,15.0,21750.0
sl_730_1_53,sl_730_1,tr2,ТР,22000.0,12.0,15.0,22000.0
sl_730_1_47,sl_730_1,to2000,ТО5-2000,22000.0,14.0,21.0,
sl_730_1_59,sl_730_1,overhaul_total,КР,22000.0,650.0,975.0,
sl_730_1_43,sl_730_1,to250,ТО1-250,22250.0,1.2,1.8,
sl_730_1_54,sl_730_1,tr3,ТР,22250.0,15.0,18.0,22250.0
sl_730_1_54,sl_730_1,tr3,ТР,22500.0,15.0,18.0,22500.0
sl_730_1_48,sl_730_1,to2500,ТО6-2500,22500.0,19.0,28.5,
sl_730_1_43,sl_730_1,to250,ТО1-250,22750.0,1.2,1.8,
sl_730_1_54,sl_730_1,tr3,ТР,22750.0,15.0,18.0,22750.0
sl_730_1_45,sl_730_1,to1000,ТО3-1000,23000.0,12.0,18.0,
sl_730_1_54,sl_730_1,tr3,ТР,23000.0,15.0,18.0,23000.0
sl_730_1_43,sl_730_1,to250,ТО1-250,23250.0,1.2,1.8,
sl_730_1_54,sl_730_1,tr3,ТР,23250.0,15.0,18.0,23250.0
sl_730_1_44,sl_730_1,to500,ТО2-500,23500.0,11.0,16.5,
sl_730_1_54,sl_730_1,tr3,ТР,23500.0,15.0,18.0,23500.0
sl_730_1_43,sl_730_1,to250,ТО1-250,23750.0,1.2,1.8,
sl_730_1_54,sl_730_1,tr3,ТР,23750.0,15.0,18.0,23750.0
sl_730_1_54,sl_730_1,tr3,ТР,24000.0,15.0,18.0,24000.0
sl_730_1_43,sl_730_1,to250,ТО1-250,24250.0,1.2,1.8,
sl_730_1_54,sl_730_1,tr3,ТР,24250.0,15.0,18.0,24250.0
sl_730_1_44,sl_730_1,to500,ТО2-500,24500.0,11.0,16.5,
sl_730_1_54,sl_730_1,tr3,ТР,24500.0,15.0,18.0,24500.0
sl_730_1_43,sl_730_1,to250,ТО1-250,24750.0,1.2,1.8,
sl_730_1_54,sl_730_1,tr3,ТР,24750.0,15.0,18.0,24750.0
sl_730_1_54,sl_730_1,tr3,ТР,25000.0,15.0,18.0,25000.0
sl_730_1_50,sl_730_1,to5000,ТО8-5000,25000.0,20.0,30.0,
sl_730_1_43,sl_730_1,to250,ТО1-250,25250.0,1.2,1.8,
sl_730_1_54,sl_730_1,tr3,ТР,25250.0,15.0,18.0,25250.0
sl_730_1_54,sl_730_1,tr3,ТР,25500.0,15.0,18.0,25500.0
sl_730_1_43,sl_730_1,to250,ТО1-250,25750.0,1.2,1.8,
sl_730_1_54,sl_730_1,tr3,ТР,25750.0,15.0,18.0,25750.0
sl_730_1_47,sl_730_1,to2000,ТО5-2000,26000.0,14.0,21.0,
sl_730_1_54,sl_730_1,tr3,ТР,26000.0,15.0,18.0,26000.0
sl_730_1_43,sl_730_1,to250,ТО1-250,26250.0,1.2,1.8,
sl_730_1_54,sl_730_1,tr3,ТР,26250.0,15.0,18.0,26250.0
sl_730_1_44,sl_730_1,to500,ТО2-500,26500.0,11.0,16.5,
sl_730_1_54,sl_730_1,tr3,ТР,26500.0,15.0,18.0,26500.0
sl_730_1_43,sl_730_1,to250,ТО1-250,26750.0,1.2,1.8,
sl_730_1_54,sl_730_1,tr3,ТР,26750.0,15.0,18.0,26750.0
sl_730_1_45,sl_730_1,to1000,ТО3-1000,27000.0,12.0,18.0,
sl_730_1_54,sl_730_1,tr3,ТР,27000.0,15.0,18.0,27000.0
sl_730_1_43,sl_730_1,to250,ТО1-250,27250.0,1.2,1.8,
sl_730_1_54,sl_730_1,tr3,ТР,27250.0,15.0,18.0,27250.0
sl_730_1_54,sl_730_1,tr3,ТР,27500.0,15.0,18.0,27500.0
sl_730_1_48,sl_730_1,to2500,ТО6-2500,27500.0,19.0,28.5,
sl_730_1_43,sl_730_1,to250,ТО1-250,27750.0,1.2,1.8,
sl_730_1_54,sl_730_1,tr3,ТР,27750.0,15.0,18.0,27750.0
sl_730_1_54,sl_730_1,tr3,ТР,28000.0,15.0,18.0,28000.0
sl_730_1_49,sl_730_1,to4000,ТО7-4000,28000.0,19.5,29.25,
sl_730_1_43,sl_730_1,to250,ТО1-250,28250.0,1.2,1.8,
sl_730_1_54,sl_730_1,tr3,ТР,28250.0,15.0,18.0,28250.0
sl_730_1_54,sl_730_1,tr3,ТР,28500.0,15.0,18.0,28500.0
sl_730_1_43,sl_730_1,to250,ТО1-250,28750.0,1.2,1.8,
sl_730_1_54,sl_730_1,tr3,ТР,28750.0,15.0,18.0,28750.0
sl_730_1_45,sl_730_1,to1000,ТО3-1000,29000.0,12.0,18.0,
sl_730_1_54,sl_730_1,tr3,ТР,29000.0,15.0,18.0,29000.0
sl_730_1_43,sl_730_1,to250,ТО1-250,29250.0,1.2,1.8,
sl_730_1_54,sl_730_1,tr3,ТР,29250.0,15.0,18.0,29250.0
sl_730_1_44,sl_730_1,to500,ТО2-500,29500.0,11.0,16.5,
sl_730_1_54,sl_730_1,tr3,ТР,29500.0,15.0,18.0,29500.0
sl_730_1_43,sl_730_1,to250,ТО1-250,29750.0,1.2,1.8,
sl_730_1_54,sl_730_1,tr3,ТР,29750.0,15.0,18.0,29750.0
sl_730_1_54,sl_730_1,tr3,ТР,30000.0,15.0,18.0,30000.0
sl_730_1_43,sl_730_1,to250,ТО1-250,30250.0,1.2,1.8,
sl_730_1_54,sl_730_1,tr3,ТР,30250.0,15.0,18.0,30250.0
sl_730_1_44,sl_730_1,to500,ТО2-500,30500.0,11.0,16.5,
sl_730_1_54,sl_730_1,tr3,ТР,30500.0,15.0,18.0,30500.0
sl_730_1_43,sl_730_1,to250,ТО1-250,30750.0,1.2,1.8,
sl_730_1_54,sl_730_1,tr3,ТР,30750.0,15.0,18.0,30750.0
sl_730_1_45,sl_730_1,to1000,ТО3-1000,31000.0,12.0,18.0,
sl_730_1_54,sl_730_1,tr3,ТР,31000.0,15.0,18.0,31000.0
sl_730_1_43,sl_730_1,to250,ТО1-250,31250.0,1.2,1.8,
sl_730_1_54,sl_730_1,tr3,ТР,31250.0,15.0,18.0,31250.0
sl_730_1_54,sl_730_1,tr3,ТР,31500.0,15.0,18.0,31500.0
sl_730_1_43,sl_730_1,to250,ТО1-250,31750.0,1.2,1.8,
sl_730_1_54,sl_730_1,tr3,ТР,31750.0,15.0,18.0,31750.0
sl_730_1_54,sl_730_1,tr3,ТР,32000.0,15.0,18.0,32000.0
sl_730_1_43,sl_730_1,to250,ТО1-250,32250.0,1.2,1.8,
sl_730_1_54,sl_730_1,tr3,ТР,32250.0,15.0,18.0,32250.0
sl_730_1_54,sl_730_1,tr3,ТР,32500.0,15.0,18.0,32500.0
sl_730_1_48,sl_730_1,to2500,ТО6-2500,32500.0,19.0,28.5,
sl_730_1_43,sl_730_1,to250,ТО1-250,32750.0,1.2,1.8,
sl_730_1_54,sl_730_1,tr3,ТР,32750.0,15.0,18.0,32750.0
sl_730_1_45,sl_730_1,to1000,ТО3-1000,33000.0,12.0,18.0,
sl_730_1_54,sl_730_1,tr3,ТР,33000.0,15.0,18.0,33000.0
sl_730_1_43,sl_730_1,to250,ТО1-250,33250.0,1.2,1.8,
sl_730_1_54,sl_730_1,tr3,ТР,33250.0,15.0,18.0,33250.0
sl_730_1_44,sl_730_1,to500,ТО2-500,33500.0,11.0,16.5,
sl_730_1_54,sl_730_1,tr3,ТР,33500.0,15.0,18.0,33500.0
sl_730_1_43,sl_730_1,to250,ТО1-250,33750.0,1.2,1.8,
sl_730_1_54,sl_730_1,tr3,ТР,33750.0,15.0,18.0,33750.0
sl_730_1_47,sl_730_1,to2000,ТО5-2000,34000.0,14.0,21.0,
sl_730_1_54,sl_730_1,tr3,ТР,34000.0,15.0,18.0,34000.0
sl_730_1_43,sl_730_1,to250,ТО1-250,34250.0,1.2,1.8,
sl_730_1_54,sl_730_1,tr3,ТР,34250.0,15.0,18.0,34250.0
sl_730_1_54,sl_730_1,tr3,ТР,34500.0,15.0,18.0,34500.0
sl_730_1_43,sl_730_1,to250,ТО1-250,34750.0,1.2,1.8,
sl_730_1_54,sl_730_1,tr3,ТР,34750.0,15.0,18.0,34750.0
sl_730_1_54,sl_730_1,tr3,ТР,35000.0,15.0,18.0,35000.0
sl_730_1_50,sl_730_1,to5000,ТО8-5000,35000.0,20.0,30.0,
sl_730_1_43,sl_730_1,to250,ТО1-250,35250.0,1.2,1.8,
sl_730_1_54,sl_730_1,tr3,ТР,35250.0,15.0,18.0,35250.0
sl_730_1_44,sl_730_1,to500,ТО2-500,35500.0,11.0,16.5,
sl_730_1_54,sl_730_1,tr3,ТР,35500.0,15.0,18.0,35500.0
sl_730_1_43,sl_730_1,to250,ТО1-250,35750.0,1.2,1.8,
sl_730_1_54,sl_730_1,tr3,ТР,35750.0,15.0,18.0,35750.0
sl_730_1_54,sl_730_1,tr3,ТР,36000.0,15.0,18.0,36000.0
sl_730_1_49,sl_730_1,to4000,ТО7-4000,36000.0,19.5,29.25,
sl_730_1_43,sl_730_1,to250,ТО1-250,36250.0,1.2,1.8,
sl_730_1_54,sl_730_1,tr3,ТР,36250.0,15.0,18.0,36250.0
sl_730_1_44,sl_730_1,to500,ТО2-500,36500.0,11.0,16.5,
sl_730_1_54,sl_730_1,tr3,ТР,36500.0,15.0,18.0,36500.0
sl_730_1_43,sl_730_1,to250,ТО1-250,36750.0,1.2,1.8,
sl_730_1_54,sl_730_1,tr3,ТР,36750.0,15.0,18.0,36750.0
sl_730_1_45,sl_730_1,to1000,ТО3-1000,37000.0,12.0,18.0,
sl_730_1_54,sl_730_1,tr3,ТР,37000.0,15.0,18.0,37000.0
sl_730_1_43,sl_730_1,to250,ТО1-250,37250.0,1.2,1.8,
sl_730_1_54,sl_730_1,tr3,ТР,37250.0,15.0,18.0,37250.0
sl_730_1_54,sl_730_1,tr3,ТР,37500.0,15.0,18.0,37500.0
sl_730_1_48,sl_730_1,to2500,ТО6-2500,37500.0,19.0,28.5,
sl_730_1_43,sl_730_1,to250,ТО1-250,37750.0,1.2,1.8,
sl_730_1_54,sl_730_1,tr3,ТР,37750.0,15.0,18.0,37750.0
sl_730_1_47,sl_730_1,to2000,ТО5-2000,38000.0,14.0,21.0,
sl_730_1_54,sl_730_1,tr3,ТР,38000.0,15.0,18.0,38000.0
sl_730_1_43,sl_730_1,to250,ТО1-250,38250.0,1.2,1.8,
sl_730_1_54,sl_730_1,tr3,ТР,38250.0,15.0,18.0,38250.0
sl_730_1_44,sl_730_1,to500,ТО2-500,38500.0,11.0,16.5,
sl_730_1_54,sl_730_1,tr3,ТР,38500.0,15.0,18.0,38500.0
sl_730_1_43,sl_730_1,to250,ТО1-250,38750.0,1.2,1.8,
sl_730_1_54,sl_730_1,tr3,ТР,38750.0,15.0,18.0,38750.0
sl_730_1_45,sl_730_1,to1000,ТО3-1000,39000.0,12.0,18.0,
sl_730_1_54,sl_730_1,tr3,ТР,39000.0,15.0,18.0,39000.0
sl_730_1_43,sl_730_1,to250,ТО1-250,39250.0,1.2,1.8,
sl_730_1_54,sl_730_1,tr3,ТР,39250.0,15.0,18.0,39250.0
sl_730_1_44,sl_730_1,to500,ТО2-500,39500.0,11.0,16.5,
sl_730_1_54,sl_730_1,tr3,ТР,39500.0,15.0,18.0,39500.0
sl_730_1_43,sl_730_1,to250,ТО1-250,39750.0,1.2,1.8,
sl_730_1_54,sl_730_1,tr3,ТР,39750.0,15.0,18.0,39750.0
sl_730_1_54,sl_730_1,tr3,ТР,40000.0,15.0,18.0,40000.0
sl_730_1_43,sl_730_1,to250,ТО1-250,40250.0,1.2,1.8,
sl_730_1_54,sl_730_1,tr3,ТР,40250.0,15.0,18.0,40250.0
sl_730_1_54,sl_730_1,tr3,ТР,40500.0,15.0,18.0,40500.0
sl_730_1_43,sl_730_1,to250,ТО1-250,40750.0,1.2,1.8,
sl_730_1_54,sl_730_1,tr3,ТР,40750.0,15.0,18.0,40750.0
sl_730_1_45,sl_730_1,to1000,ТО3-1000,41000.0,12.0,18.0,
sl_730_1_54,sl_730_1,tr3,ТР,41000.0,15.0,18.0,41000.0
sl_730_1_43,sl_730_1,to250,ТО1-250,41250.0,1.2,1.8,
sl_730_1_54,sl_730_1,tr3,ТР,41250.0,15.0,18.0,41250.0
sl_730_1_44,sl_730_1,to500,ТО2-500,41500.0,11.0,16.5,
sl_730_1_54,sl_730_1,tr3,ТР,41500.0,15.0,18.0,41500.0
sl_730_1_43,sl_730_1,to250,ТО1-250,41750.0,1.2,1.8,
sl_730_1_54,sl_730_1,tr3,ТР,41750.0,15.0,18.0,41750.0
sl_730_1_47,sl_730_1,to2000,ТО5-2000,42000.0,14.0,21.0,
sl_730_1_54,sl_730_1,tr3,ТР,42000.0,15.0,18.0,42000.0
sl_730_1_43,sl_730_1,to250,ТО1-250,42250.0,1.2,1.8,
sl_730_1_54,sl_730_1,tr3,ТР,42250.0,15.0,18.0,42250.0
sl_730_1_54,sl_730_1,tr3,ТР,42500.0,15.0,18.0,42500.0
sl_730_1_48,sl_730_1,to2500,ТО6-2500,42500.0,19.0,28.5,
sl_730_1_43,sl_730_1,to250,ТО1-250,42750.0,1.2,1.8,
sl_730_1_54,sl_730_1,tr3,ТР,42750.0,15.0,18.0,42750.0
sl_730_1_45,sl_730_1,to1000,ТО3-1000,43000.0,12.0,18.0,
sl_730_1_54,sl_730_1,tr3,ТР,43000.0,15.0,18.0,43000.0
sl_730_1_43,sl_730_1,to250,ТО1-250,43250.0,1.2,1.8,
sl_730_1_54,sl_730_1,tr3,ТР,43250.0,15.0,18.0,43250.0
sl_730_1_54,sl_730_1,tr3,ТР,43500.0,15.0,18.0,43500.0
sl_730_1_43,sl_730_1,to250,ТО1-250,43750.0,1.2,1.8,
sl_730_1_54,sl_730_1,tr3,ТР,43750.0,15.0,18.0,43750.0
sl_730_1_54,sl_730_1,tr3,ТР,44000.0,15.0,18.0,44000.0
sl_730_1_49,sl_730_1,to4000,ТО7-4000,44000.0,19.5,29.25,
sl_730_1_43,sl_730_1,to250,ТО1-250,44250.0,1.2,1.8,
sl_730_1_55,sl_730_1,tr4,ТР,44250.0,23.0,28.0,44250.0
sl_730_1_44,sl_730_1,to500,ТО2-500,44500.0,11.0,16.5,
sl_730_1_55,sl_730_1,tr4,ТР,44500.0,23.0,28.0,44500.0
sl_730_1_43,sl_730_1,to250,ТО1-250,44750.0,1.2,1.8,
sl_730_1_55,sl_730_1,tr4,ТР,44750.0,23.0,28.0,44750.0
sl_730_1_50,sl_730_1,to5000,ТО8-5000,45000.0,20.0,30.0,
sl_730_1_55,sl_730_1,tr4,ТР,45000.0,23.0,28.0,45000.0
sl_730_1_43,sl_730_1,to250,ТО1-250,45250.0,1.2,1.8,
sl_730_1_55,sl_730_1,tr4,ТР,45250.0,23.0,28.0,45250.0
sl_730_1_44,sl_730_1,to500,ТО2-500,45500.0,11.0,16.5,
sl_730_1_55,sl_730_1,tr4,ТР,45500.0,23.0,28.0,45500.0
sl_730_1_43,sl_730_1,to250,ТО1-250,45750.0,1.2,1.8,
sl_730_1_55,sl_730_1,tr4,ТР,45750.0,23.0,28.0,45750.0
sl_730_1_47,sl_730_1,to2000,ТО5-2000,46000.0,14.0,21.0,
sl_730_1_55,sl_730_1,tr4,ТР,46000.0,23.0,28.0,46000.0
sl_730_1_43,sl_730_1,to250,ТО1-250,46250.0,1.2,1.8,
sl_730_1_55,sl_730_1,tr4,ТР,46250.0,23.0,28.0,46250.0
sl_730_1_55,sl_730_1,tr4,ТР,46500.0,23.0,28.0,46500.0
sl_730_1_43,sl_730_1,to250,ТО1-250,46750.0,1.2,1.8,
sl_730_1_55,sl_730_1,tr4,ТР,46750.0,23.0,28.0,46750.0
sl_730_1_45,sl_730_1,to1000,ТО3-1000,47000.0,12.0,18.0,
sl_730_1_55,sl_730_1,tr4,ТР,47000.0,23.0,28.0,47000.0
sl_730_1_43,sl_730_1,to250,ТО1-250,47250.0,1.2,1.8,
sl_730_1_55,sl_730_1,tr4,ТР,47250.0,23.0,28.0,47250.0
sl_730_1_48,sl_730_1,to2500,ТО6-2500,47500.0,19.0,28.5,
sl_730_1_55,sl_730_1,tr4,ТР,47500.0,23.0,28.0,47500.0
sl_730_1_43,sl_730_1,to250,ТО1-250,47750.0,1.2,1.8,
sl_730_1_55,sl_730_1,tr4,ТР,47750.0,23.0,28.0,47750.0
sl_730_1_55,sl_730_1,tr4,ТР,48000.0,23.0,28.0,48000.0
sl_730_1_43,sl_730_1,to250,ТО1-250,48250.0,1.2,1.8,
sl_730_1_55,sl_730_1,tr4,ТР,48250.0,23.0,28.0,48250.0
sl_730_1_44,sl_730_1,to500,ТО2-500,48500.0,11.0,16.5,
sl_730_1_55,sl_730_1,tr4,ТР,48500.0,23.0,28.0,48500.0
sl_730_1_43,sl_730_1,to250,ТО1-250,48750.0,1.2,1.8,
sl_730_1_55,sl_730_1,tr4,ТР,48750.0,23.0,28.0,48750.0
sl_730_1_45,sl_730_1,to1000,ТО3-1000,49000.0,12.0,18.0,
sl_730_1_55,sl_730_1,tr4,ТР,49000.0,23.0,28.0,49000.0
sl_730_1_43,sl_730_1,to250,ТО1-250,49250.0,1.2,1.8,
sl_730_1_55,sl_730_1,tr4,ТР,49250.0,23.0,28.0,49250.0
sl_730_1_55,sl_730_1,tr4,ТР,49500.0,23.0,28.0,49500.0
sl_730_1_43,sl_730_1,to250,ТО1-250,49750.0,1.2,1.8,
sl_730_1_55,sl_730_1,tr4,ТР,49750.0,23.0,28.0,49750.0
sl_730_1_55,sl_730_1,tr4,ТР,50000.0,23.0,28.0,50000.0
sl_730_1_43,sl_730_1,to250,ТО1-250,50250.0,1.2,1.8,
sl_730_1_55,sl_730_1,tr4,ТР,50250.0,23.0,28.0,50250.0
sl_730_1_44,sl_730_1,to500,ТО2-500,50500.0,11.0,16.5,
sl_730_1_55,sl_730_1,tr4,ТР,50500.0,23.0,28.0,50500.0
sl_730_1_43,sl_730_1,to250,ТО1-250,50750.0,1.2,1.8,
sl_730_1_55,sl_730_1,tr4,ТР,50750.0,23.0,28.0,50750.0
sl_730_1_45,sl_730_1,to1000,ТО3-1000,51000.0,12.0,18.0,
sl_730_1_55,sl_730_1,tr4,ТР,51000.0,23.0,28.0,51000.0
sl_730_1_43,sl_730_1,to250,ТО1-250,51250.0,1.2,1.8,
sl_730_1_55,sl_730_1,tr4,ТР,51250.0,23.0,28.0,51250.0
sl_730_1_44,sl_730_1,to500,ТО2-500,51500.0,11.0,16.5,
sl_730_1_55,sl_730_1,tr4,ТР,51500.0,23.0,28.0,51500.0
sl_730_1_43,sl_730_1,to250,ТО1-250,51750.0,1.2,1.8,
sl_730_1_55,sl_730_1,tr4,ТР,51750.0,23.0,28.0,51750.0
sl_730_1_49,sl_730_1,to4000,ТО7-4000,52000.0,19.5,29.25,
sl_730_1_55,sl_730_1,tr4,ТР,52000.0,23.0,28.0,52000.0
sl_730_1_43,sl_730_1,to250,ТО1-250,52250.0,1.2,1.8,
sl_730_1_55,sl_730_1,tr4,ТР,52250.0,23.0,28.0,52250.0
sl_730_1_48,sl_730_1,to2500,ТО6-2500,52500.0,19.0,28.5,
sl_730_1_55,sl_730_1,tr4,ТР,52500.0,23.0,28.0,52500.0
sl_730_1_43,sl_730_1,to250,ТО1-250,52750.0,1.2,1.8,
sl_730_1_55,sl_730_1,tr4,ТР,52750.0,23.0,28.0,52750.0
sl_730_1_45,sl_730_1,to1000,ТО3-1000,53000.0,12.0,18.0,
sl_730_1_55,sl_730_1,tr4,ТР,53000.0,23.0,28.0,53000.0
sl_730_1_43,sl_730_1,to250,ТО1-250,53250.0,1.2,1.8,
sl_730_1_55,sl_730_1,tr4,ТР,53250.0,23.0,28.0,53250.0
sl_730_1_44,sl_730_1,to500,ТО2-500,53500.0,11.0,16.5,
sl_730_1_55,sl_730_1,tr4,ТР,53500.0,23.0,28.0,53500.0
sl_730_1_43,sl_730_1,to250,ТО1-250,53750.0,1.2,1.8,
sl_730_1_55,sl_730_1,tr4,ТР,53750.0,23.0,28.0,53750.0
sl_730_1_47,sl_730_1,to2000,ТО5-2000,54000.0,14.0,21.0,
sl_730_1_55,sl_730_1,tr4,ТР,54000.0,23.0,28.0,54000.0
sl_730_1_43,sl_730_1,to250,ТО1-250,54250.0,1.2,1.8,
sl_730_1_55,sl_730_1,tr4,ТР,54250.0,23.0,28.0,54250.0
sl_730_1_44,sl_730_1,to500,ТО2-500,54500.0,11.0,16.5,
sl_730_1_55,sl_730_1,tr4,ТР,54500.0,23.0,28.0,54500.0
sl_730_1_43,sl_730_1,to250,ТО1-250,54750.0,1.2,1.8,
sl_730_1_55,sl_730_1,tr4,ТР,54750.0,23.0,28.0,54750.0
sl_730_1_50,sl_730_1,to5000,ТО8-5000,55000.0,20.0,30.0,
sl_730_1_55,sl_730_1,tr4,ТР,55000.0,23.0,28.0,55000.0
sl_730_1_43,sl_730_1,to250,ТО1-250,55250.0,1.2,1.8,
sl_730_1_55,sl_730_1,tr4,ТР,55250.0,23.0,28.0,55250.0
sl_730_1_55,sl_730_1,tr4,ТР,55500.0,23.0,28.0,55500.0
sl_730_1_43,sl_730_1,to250,ТО1-250,55750.0,1.2,1.8,
sl_730_1_55,sl_730_1,tr4,ТР,55750.0,23.0,28.0,55750.0
sl_730_1_55,sl_730_1,tr4,ТР,56000.0,23.0,28.0,56000.0
sl_730_1_43,sl_730_1,to250,ТО1-250,56250.0,1.2,1.8,
sl_730_1_55,sl_730_1,tr4,ТР,56250.0,23.0,28.0,56250.0
sl_730_1_44,sl_730_1,to500,ТО2-500,56500.0,11.0,16.5,
sl_730_1_55,sl_730_1,tr4,ТР,56500.0,23.0,28.0,56500.0
sl_730_1_43,sl_730_1,to250,ТО1-250,56750.0,1.2,1.8,
sl_730_1_55,sl_730_1,tr4,ТР,56750.0,23.0,28.0,56750.0
sl_730_1_45,sl_730_1,to1000,ТО3-1000,57000.0,12.0,18.0,
sl_730_1_55,sl_730_1,tr4,ТР,57000.0,23.0,28.0,57000.0
sl_730_1_43,sl_730_1,to250,ТО1-250,57250.0,1.2,1.8,
sl_730_1_55,sl_730_1,tr4,ТР,57250.0,23.0,28.0,57250.0
sl_730_1_48,sl_730_1,to2500,ТО6-2500,57500.0,19.0,28.5,
sl_730_1_55,sl_730_1,tr4,ТР,57500.0,23.0,28.0,57500.0
sl_730_1_43,sl_730_1,to250,ТО1-250,57750.0,1.2,1.8,
sl_730_1_55,sl_730_1,tr4,ТР,57750.0,23.0,28.0,57750.0
sl_730_1_47,sl_730_1,to2000,ТО5-2000,58000.0,14.0,21.0,
sl_730_1_55,sl_730_1,tr4,ТР,58000.0,23.0,28.0,58000.0
sl_730_1_43,sl_730_1,to250,ТО1-250,58250.0,1.2,1.8,
sl_730_1_55,sl_730_1,tr4,ТР,58250.0,23.0,28.0,58250.0
sl_730_1_55,sl_730_1,tr4,ТР,58500.0,23.0,28.0,58500.0
sl_730_1_43,sl_730_1,to250,ТО1-250,58750.0,1.2,1.8,
sl_730_1_55,sl_730_1,tr4,ТР,58750.0,23.0,28.0,58750.0
sl_730_1_45,sl_730_1,to1000,ТО3-1000,59000.0,12.0,18.0,
sl_730_1_55,sl_730_1,tr4,ТР,59000.0,23.0,28.0,59000.0
sl_730_1_43,sl_730_1,to250,ТО1-250,59250.0,1.2,1.8,
sl_730_1_55,sl_730_1,tr4,ТР,59250.0,23.0,28.0,59250.0
sl_730_1_44,sl_730_1,to500,ТО2-500,59500.0,11.0,16.5,
sl_730_1_55,sl_730_1,tr4,ТР,59500.0,23.0,28.0,59500.0
sl_730_1_43,sl_730_1,to250,ТО1-250,59750.0,1.2,1.8,
sl_730_1_55,sl_730_1,tr4,ТР,59750.0,23.0,28.0,59750.0
sl_730_1_49,sl_730_1,to4000,ТО7-4000,60000.0,19.5,29.25,
sl_730_1_55,sl_730_1,tr4,ТР,60000.0,23.0,28.0,60000.0
sl_730_1_43,sl_730_1,to250,ТО1-250,60250.0,1.2,1.8,
sl_730_1_55,sl_730_1,tr4,ТР,60250.0,23.0,28.0,60250.0
sl_730_1_44,sl_730_1,to500,ТО2-500,60500.0,11.0,16.5,
sl_730_1_55,sl_730_1,tr4,ТР,60500.0,23.0,28.0,60500.0
sl_730_1_43,sl_730_1,to250,ТО1-250,60750.0,1.2,1.8,
sl_730_1_55,sl_730_1,tr4,ТР,60750.0,23.0,28.0,60750.0
sl_730_1_45,sl_730_1,to1000,ТО3-1000,61000.0,12.0,18.0,
sl_730_1_55,sl_730_1,tr4,ТР,61000.0,23.0,28.0,61000.0
sl_730_1_43,sl_730_1,to250,ТО1-250,61250.0,1.2,1.8,
sl_730_1_55,sl_730_1,tr4,ТР,61250.0,23.0,28.0,61250.0
sl_730_1_55,sl_730_1,tr4,ТР,61500.0,23.0,28.0,61500.0
sl_730_1_43,sl_730_1,to250,ТО1-250,61750.0,1.2,1.8,
sl_730_1_55,sl_730_1,tr4,ТР,61750.0,23.0,28.0,61750.0
sl_730_1_47,sl_730_1,to2000,ТО5-2000,62000.0,14.0,21.0,
sl_730_1_55,sl_730_1,tr4,ТР,62000.0,23.0,28.0,62000.0
sl_730_1_43,sl_730_1,to250,ТО1-250,62250.0,1.2,1.8,
sl_730_1_55,sl_730_1,tr4,ТР,62250.0,23.0,28.0,62250.0
sl_730_1_48,sl_730_1,to2500,ТО6-2500,62500.0,19.0,28.5,
sl_730_1_55,sl_730_1,tr4,ТР,62500.0,23.0,28.0,62500.0
sl_730_1_43,sl_730_1,to250,ТО1-250,62750.0,1.2,1.8,
sl_730_1_55,sl_730_1,tr4,ТР,62750.0,23.0,28.0,62750.0
sl_730_1_45,sl_730_1,to1000,ТО3-1000,63000.0,12.0,18.0,
sl_730_1_55,sl_730_1,tr4,ТР,63000.0,23.0,28.0,63000.0
sl_730_1_43,sl_730_1,to250,ТО1-250,63250.0,1.2,1.8,
sl_730_1_55,sl_730_1,tr4,ТР,63250.0,23.0,28.0,63250.0
sl_730_1_44,sl_730_1,to500,ТО2-500,63500.0,11.0,16.5,
sl_730_1_55,sl_730_1,tr4,ТР,63500.0,23.0,28.0,63500.0
sl_730_1_43,sl_730_1,to250,ТО1-250,63750.0,1.2,1.8,
sl_730_1_55,sl_730_1,tr4,ТР,63750.0,23.0,28.0,63750.0
sl_730_1_55,sl_730_1,tr4,ТР,64000.0,23.0,28.0,64000.0
sl_730_1_43,sl_730_1,to250,ТО1-250,64250.0,1.2,1.8,
sl_730_1_55,sl_730_1,tr4,ТР,64250.0,23.0,28.0,64250.0
sl_730_1_55,sl_730_1,tr4,ТР,64500.0,23.0,28.0,64500.0
sl_730_1_43,sl_730_1,to250,ТО1-250,64750.0,1.2,1.8,
sl_730_1_55,sl_730_1,tr4,ТР,64750.0,23.0,28.0,64750.0
sl_730_1_50,sl_730_1,to5000,ТО8-5000,65000.0,20.0,30.0,
sl_730_1_55,sl_730_1,tr4,ТР,65000.0,23.0,28.0,65000.0
sl_730_1_43,sl_730_1,to250,ТО1-250,65250.0,1.2,1.8,
sl_730_1_55,sl_730_1,tr4,ТР,65250.0,23.0,28.0,65250.0
sl_730_1_44,sl_730_1,to500,ТО2-500,65500.0,11.0,16.5,
sl_730_1_55,sl_730_1,tr4,ТР,65500.0,23.0,28.0,65500.0
sl_730_1_43,sl_730_1,to250,ТО1-250,65750.0,1.2,1.8,
sl_730_1_55,sl_730_1,tr4,ТР,65750.0,23.0,28.0,65750.0
sl_730_1_47,sl_730_1,to2000,ТО5-2000,66000.0,14.0,21.0,
sl_730_1_55,sl_730_1,tr4,ТР,66000.0,23.0,28.0,66000.0
sl_730_1_43,sl_730_1,to250,ТО1-250,66250.0,1.2,1.8,
sl_730_1_56,sl_730_1,tr4,ТР,66250.0,23.198529411764707,28.345588235294116,66250.0
sl_730_1_44,sl_730_1,to500,ТО2-500,66500.0,11.0,16.5,
sl_730_1_56,sl_730_1,tr4,ТР,66500.0,23.397058823529413,28.691176470588232,66500.0
sl_730_1_43,sl_730_1,to250,ТО1-250,66750.0,1.2,1.8,
sl_730_1_56,sl_730_1,tr4,ТР,66750.0,23.59558823529412,29.036764705882348,66750.0
sl_730_1_45,sl_730_1,to1000,ТО3-1000,67000.0,12.0,18.0,
sl_730_1_56,sl_730_1,tr4,ТР,67000.0,23.794117647058826,29.382352941176464,67000.0
sl_730_1_43,sl_730_1,to250,ТО1-250,67250.0,1.2,1.8,
sl_730_1_56,sl_730_1,tr4,ТР,67250.0,23.992647058823533,29.72794117647058,67250.0
sl_730_1_48,sl_730_1,to2500,ТО6-2500,67500.0,19.0,28.5,
sl_730_1_56,sl_730_1,tr4,ТР,67500.0,24.19117647058824,30.073529411764696,67500.0
sl_730_1_43,sl_730_1,to250,ТО1-250,67750.0,1.2,1.8,
sl_730_1_56,sl_730_1,tr4,ТР,67750.0,24.389705882352946,30.419117647058812,67750.0
sl_730_1_49,sl_730_1,to4000,ТО7-4000,68000.0,19.5,29.25,
sl_730_1_56,sl_730_1,tr4,ТР,68000.0,24.588235294117652,30.764705882352928,68000.0
sl_730_1_43,sl_730_1,to250,ТО1-250,68250.0,1.2,1.8,
sl_730_1_56,sl_730_1,tr4,ТР,68250.0,24.78676470588236,31.110294117647044,68250.0
sl_730_1_44,sl_730_1,to500,ТО2-500,68500.0,11.0,16.5,
sl_730_1_56,sl_730_1,tr4,ТР,68500.0,24.985294117647065,31.45588235294116,68500.0
sl_730_1_43,sl_730_1,to250,ТО1-250,68750.0,1.2,1.8,
sl_730_1_56,sl_730_1,tr4,ТР,68750.0,25.18382352941177,31.801470588235276,68750.0
sl_730_1_45,sl_730_1,to1000,ТО3-1000,69000.0,12.0,18.0,
sl_730_1_56,sl_730_1,tr4,ТР,69000.0,25.382352941176478,32.14705882352939,69000.0
sl_730_1_43,sl_730_1,to250,ТО1-250,69250.0,1.2,1.8,
sl_730_1_56,sl_730_1,tr4,ТР,69250.0,25.580882352941185,32.49264705882351,69250.0
sl_730_1_44,sl_730_1,to500,ТО2-500,69500.0,11.0,16.5,
sl_730_1_56,sl_730_1,tr4,ТР,69500.0,25.77941176470589,32.838235294117624,69500.0
sl_730_1_43,sl_730_1,to250,ТО1-250,69750.0,1.2,1.8,
sl_730_1_56,sl_730_1,tr4,ТР,69750.0,25.977941176470598,33.18382352941174,69750.0
sl_730_1_56,sl_730_1,tr4,ТР,70000.0,26.176470588235304,33.529411764705856,70000.0
sl_730_1_43,sl_730_1,to250,ТО1-250,70250.0,1.2,1.8,
sl_730_1_56,sl_730_1,tr4,ТР,70250.0,26.37500000000001,33.87499999999997,70250.0
sl_730_1_56,sl_730_1,tr4,ТР,70500.0,26.573529411764717,34.22058823529409,70500.0
sl_730_1_43,sl_730_1,to250,ТО1-250,70750.0,1.2,1.8,
sl_730_1_56,sl_730_1,tr4,ТР,70750.0,26.772058823529424,34.5661764705882,70750.0
sl_730_1_45,sl_730_1,to1000,ТО3-1000,71000.0,12.0,18.0,
sl_730_1_56,sl_730_1,tr4,ТР,71000.0,26.97058823529413,34.91176470588232,71000.0
sl_730_1_43,sl_730_1,to250,ТО1-250,71250.0,1.2,1.8,
sl_730_1_56,sl_730_1,tr4,ТР,71250.0,27.169117647058837,35.257352941176435,71250.0
sl_730_1_44,sl_730_1,to500,ТО2-500,71500.0,11.0,16.5,
sl_730_1_56,sl_730_1,tr4,ТР,71500.0,27.367647058823543,35.60294117647055,71500.0
sl_730_1_43,sl_730_1,to250,ТО1-250,71750.0,1.2,1.8,
sl_730_1_56,sl_730_1,tr4,ТР,71750.0,27.56617647058825,35.94852941176467,71750.0
sl_730_1_56,sl_730_1,tr4,ТР,72000.0,27.764705882352956,36.29411764705878,72000.0
sl_730_1_43,sl_730_1,to250,ТО1-250,72250.0,1.2,1.8,
sl_730_1_56,sl_730_1,tr4,ТР,72250.0,27.963235294117663,36.6397058823529,72250.0
sl_730_1_48,sl_730_1,to2500,ТО6-2500,72500.0,19.0,28.5,
sl_730_1_56,sl_730_1,tr4,ТР,72500.0,28.16176470588237,36.985294117647015,72500.0
sl_730_1_43,sl_730_1,to250,ТО1-250,72750.0,1.2,1.8,
sl_730_1_56,sl_730_1,tr4,ТР,72750.0,28.360294117647076,37.33088235294113,72750.0
sl_730_1_45,sl_730_1,to1000,ТО3-1000,73000.0,12.0,18.0,
sl_730_1_56,sl_730_1,tr4,ТР,73000.0,28.558823529411782,37.67647058823525,73000.0
sl_730_1_43,sl_730_1,to250,ТО1-250,73250.0,1.2,1.8,
sl_730_1_56,sl_730_1,tr4,ТР,73250.0,28.75735294117649,38.02205882352936,73250.0
sl_730_1_56,sl_730_1,tr4,ТР,73500.0,28.955882352941195,38.36764705882348,73500.0
sl_730_1_43,sl_730_1,to250,ТО1-250,73750.0,1.2,1.8,
sl_730_1_56,sl_730_1,tr4,ТР,73750.0,29.154411764705902,38.713235294117595,73750.0
sl_730_1_47,sl_730_1,to2000,ТО5-2000,74000.0,14.0,21.0,
sl_730_1_56,sl_730_1,tr4,ТР,74000.0,29.35294117647061,39.05882352941171,74000.0
sl_730_1_43,sl_730_1,to250,ТО1-250,74250.0,1.2,1.8,
sl_730_1_56,sl_730_1,tr4,ТР,74250.0,29.551470588235315,39.40441176470583,74250.0
sl_730_1_44,sl_730_1,to500,ТО2-500,74500.0,11.0,16.5,
sl_730_1_56,sl_730_1,tr4,ТР,74500.0,29.75000000000002,39.74999999999994,74500.0
sl_730_1_43,sl_730_1,to250,ТО1-250,74750.0,1.2,1.8,
sl_730_1_56,sl_730_1,tr4,ТР,74750.0,29.948529411764728,40.09558823529406,74750.0
sl_730_1_50,sl_730_1,to5000,ТО8-5000,75000.0,20.0,30.0,
sl_730_1_56,sl_730_1,tr4,ТР,75000.0,30.147058823529434,40.441176470588175,75000.0
sl_730_1_43,sl_730_1,to250,ТО1-250,75250.0,1.2,1.8,
sl_730_1_56,sl_730_1,tr4,ТР,75250.0,30.34558823529414,40.78676470588229,75250.0
sl_730_1_44,sl_730_1,to500,ТО2-500,75500.0,11.0,16.5,
sl_730_1_56,sl_730_1,tr4,ТР,75500.0,30.544117647058847,41.13235294117641,75500.0
sl_730_1_43,sl_730_1,to250,ТО1-250,75750.0,1.2,1.8,
sl_730_1_56,sl_730_1,tr4,ТР,75750.0,30.742647058823554,41.47794117647052,75750.0
sl_730_1_49,sl_730_1,to4000,ТО7-4000,76000.0,19.5,29.25,
sl_730_1_56,sl_730_1,tr4,ТР,76000.0,30.94117647058826,41.82352941176464,76000.0
sl_730_1_43,sl_730_1,to250,ТО1-250,76250.0,1.2,1.8,
sl_730_1_56,sl_730_1,tr4,ТР,76250.0,31.139705882352967,42.169117647058755,76250.0
sl_730_1_56,sl_730_1,tr4,ТР,76500.0,31.338235294117673,42.51470588235287,76500.0
sl_730_1_43,sl_730_1,to250,ТО1-250,76750.0,1.2,1.8,
sl_730_1_56,sl_730_1,tr4,ТР,76750.0,31.53676470588238,42.86029411764699,76750.0
sl_730_1_45,sl_730_1,to1000,ТО3-1000,77000.0,12.0,18.0,
sl_730_1_56,sl_730_1,tr4,ТР,77000.0,31.735294117647086,43.2058823529411,77000.0
sl_730_1_43,sl_730_1,to250,ТО1-250,77250.0,1.2,1.8,
sl_730_1_56,sl_730_1,tr4,ТР,77250.0,31.933823529411793,43.55147058823522,77250.0
sl_730_1_48,sl_730_1,to2500,ТО6-2500,77500.0,19.0,28.5,
sl_730_1_56,sl_730_1,tr4,ТР,77500.0,32.1323529411765,43.897058823529335,77500.0
sl_730_1_43,sl_730_1,to250,ТО1-250,77750.0,1.2,1.8,
sl_730_1_56,sl_730_1,tr4,ТР,77750.0,32.3308823529412,44.24264705882345,77750.0
sl_730_1_47,sl_730_1,to2000,ТО5-2000,78000.0,14.0,21.0,
sl_730_1_56,sl_730_1,tr4,ТР,78000.0,32.529411764705905,44.58823529411757,78000.0
sl_730_1_43,sl_730_1,to250,ТО1-250,78250.0,1.2,1.8,
sl_730_1_56,sl_730_1,tr4,ТР,78250.0,32.72794117647061,44.93382352941168,78250.0
sl_730_1_44,sl_730_1,to500,ТО2-500,78500.0,11.0,16.5,
sl_730_1_56,sl_730_1,tr4,ТР,78500.0,32.92647058823531,45.2794117647058,78500.0
sl_730_1_43,sl_730_1,to250,ТО1-250,78750.0,1.2,1.8,
sl_730_1_56,sl_730_1,tr4,ТР,78750.0,33.125000000000014,45.624999999999915,78750.0
sl_730_1_45,sl_730_1,to1000,ТО3-1000,79000.0,12.0,18.0,
sl_730_1_56,sl_730_1,tr4,ТР,79000.0,33.32352941176472,45.97058823529403,79000.0
sl_730_1_43,sl_730_1,to250,ТО1-250,79250.0,1.2,1.8,
sl_730_1_56,sl_730_1,tr4,ТР,79250.0,33.52205882352942,46.31617647058815,79250.0
sl_730_1_56,sl_730_1,tr4,ТР,79500.0,33.72058823529412,46.66176470588226,79500.0
sl_730_1_43,sl_730_1,to250,ТО1-250,79750.0,1.2,1.8,
sl_730_1_56,sl_730_1,tr4,ТР,79750.0,33.919117647058826,47.00735294117638,79750.0
sl_730_1_56,sl_730_1,tr4,ТР,80000.0,34.11764705882353,47.352941176470495,80000.0
sl_730_1_43,sl_730_1,to250,ТО1-250,80250.0,1.2,1.8,
sl_730_1_56,sl_730_1,tr4,ТР,80250.0,34.31617647058823,47.69852941176461,80250.0
sl_730_1_44,sl_730_1,to500,ТО2-500,80500.0,11.0,16.5,
sl_730_1_56,sl_730_1,tr4,ТР,80500.0,34.514705882352935,48.04411764705873,80500.0
sl_730_1_43,sl_730_1,to250,ТО1-250,80750.0,1.2,1.8,
sl_730_1_56,sl_730_1,tr4,ТР,80750.0,34.71323529411764,48.38970588235284,80750.0
sl_730_1_45,sl_730_1,to1000,ТО3-1000,81000.0,12.0,18.0,
sl_730_1_56,sl_730_1,tr4,ТР,81000.0,34.91176470588234,48.73529411764696,81000.0
sl_730_1_43,sl_730_1,to250,ТО1-250,81250.0,1.2,1.8,
sl_730_1_56,sl_730_1,tr4,ТР,81250.0,35.110294117647044,49.080882352941074,81250.0
sl_730_1_44,sl_730_1,to500,ТО2-500,81500.0,11.0,16.5,
sl_730_1_56,sl_730_1,tr4,ТР,81500.0,35.30882352941175,49.42647058823519,81500.0
sl_730_1_43,sl_730_1,to250,ТО1-250,81750.0,1.2,1.8,
sl_730_1_56,sl_730_1,tr4,ТР,81750.0,35.50735294117645,49.772058823529306,81750.0
sl_730_1_47,sl_730_1,to2000,ТО5-2000,82000.0,14.0,21.0,
sl_730_1_56,sl_730_1,tr4,ТР,82000.0,35.70588235294115,50.11764705882342,82000.0
sl_730_1_43,sl_730_1,to250,ТО1-250,82250.0,1.2,1.8,
sl_730_1_56,sl_730_1,tr4,ТР,82250.0,35.904411764705856,50.46323529411754,82250.0
sl_730_1_48,sl_730_1,to2500,ТО6-2500,82500.0,19.0,28.5,
sl_730_1_56,sl_730_1,tr4,ТР,82500.0,36.10294117647056,50.808823529411654,82500.0
sl_730_1_43,sl_730_1,to250,ТО1-250,82750.0,1.2,1.8,
sl_730_1_56,sl_730_1,tr4,ТР,82750.0,36.30147058823526,51.15441176470577,82750.0
sl_730_1_45,sl_730_1,to1000,ТО3-1000,83000.0,12.0,18.0,
sl_730_1_56,sl_730_1,tr4,ТР,83000.0,36.499999999999964,51.499999999999886,83000.0
sl_730_1_43,sl_730_1,to250,ТО1-250,83250.0,1.2,1.8,
sl_730_1_56,sl_730_1,tr4,ТР,83250.0,36.69852941176467,51.845588235294,83250.0
sl_730_1_44,sl_730_1,to500,ТО2-500,83500.0,11.0,16.5,
sl_730_1_56,sl_730_1,tr4,ТР,83500.0,36.89705882352937,52.19117647058812,83500.0
sl_730_1_43,sl_730_1,to250,ТО1-250,83750.0,1.2,1.8,
sl_730_1_56,sl_730_1,tr4,ТР,83750.0,37.09558823529407,52.536764705882234,83750.0
sl_730_1_49,sl_730_1,to4000,ТО7-4000,84000.0,19.5,29.25,
sl_730_1_56,sl_730_1,tr4,ТР,84000.0,37.294117647058776,52.88235294117635,84000.0
sl_730_1_43,sl_730_1,to250,ТО1-250,84250.0,1.2,1.8,
sl_730_1_56,sl_730_1,tr4,ТР,84250.0,37.49264705882348,53.227941176470466,84250.0
sl_730_1_44,sl_730_1,to500,ТО2-500,84500.0,11.0,16.5,
sl_730_1_56,sl_730_1,tr4,ТР,84500.0,37.69117647058818,53.57352941176458,84500.0
sl_730_1_43,sl_730_1,to250,ТО1-250,84750.0,1.2,1.8,
sl_730_1_56,sl_730_1,tr4,ТР,84750.0,37.889705882352885,53.9191176470587,84750.0
sl_730_1_50,sl_730_1,to5000,ТО8-5000,85000.0,20.0,30.0,
sl_730_1_56,sl_730_1,tr4,ТР,85000.0,38.08823529411759,54.264705882352814,85000.0
sl_730_1_43,sl_730_1,to250,ТО1-250,85250.0,1.2,1.8,
sl_730_1_56,sl_730_1,tr4,ТР,85250.0,38.28676470588229,54.61029411764693,85250.0
sl_730_1_56,sl_730_1,tr4,ТР,85500.0,38.485294117646994,54.955882352941046,85500.0
sl_730_1_43,sl_730_1,to250,ТО1-250,85750.0,1.2,1.8,
sl_730_1_56,sl_730_1,tr4,ТР,85750.0,38.6838235294117,55.30147058823516,85750.0
sl_730_1_47,sl_730_1,to2000,ТО5-2000,86000.0,14.0,21.0,
sl_730_1_56,sl_730_1,tr4,ТР,86000.0,38.8823529411764,55.64705882352928,86000.0
sl_730_1_43,sl_730_1,to250,ТО1-250,86250.0,1.2,1.8,
sl_730_1_56,sl_730_1,tr4,ТР,86250.0,39.0808823529411,55.992647058823394,86250.0
sl_730_1_44,sl_730_1,to500,ТО2-500,86500.0,11.0,16.5,
sl_730_1_56,sl_730_1,tr4,ТР,86500.0,39.279411764705806,56.33823529411751,86500.0
sl_730_1_43,sl_730_1,to250,ТО1-250,86750.0,1.2,1.8,
sl_730_1_56,sl_730_1,tr4,ТР,86750.0,39.47794117647051,56.683823529411626,86750.0
sl_730_1_45,sl_730_1,to1000,ТО3-1000,87000.0,12.0,18.0,
sl_730_1_56,sl_730_1,tr4,ТР,87000.0,39.67647058823521,57.02941176470574,87000.0
sl_730_1_43,sl_730_1,to250,ТО1-250,87250.0,1.2,1.8,
sl_730_1_56,sl_730_1,tr4,ТР,87250.0,39.874999999999915,57.37499999999986,87250.0
sl_730_1_48,sl_730_1,to2500,ТО6-2500,87500.0,19.0,28.5,
sl_730_1_56,sl_730_1,tr4,ТР,87500.0,40.07352941176462,57.720588235293974,87500.0
sl_730_1_43,sl_730_1,to250,ТО1-250,87750.0,1.2,1.8,
sl_730_1_56,sl_730_1,tr4,ТР,87750.0,40.27205882352932,58.06617647058809,87750.0
sl_730_1_56,sl_730_1,tr4,ТР,88000.0,40.470588235294024,58.411764705882206,88000.0
sl_730_1_43,sl_730_1,to250,ТО1-250,88250.0,1.2,1.8,
sl_730_1_56,sl_730_1,tr4,ТР,88250.0,40.66911764705873,58.75735294117632,88250.0
sl_730_1_56,sl_730_1,tr4,ТР,88500.0,40.86764705882343,59.10294117647044,88500.0
sl_730_1_43,sl_730_1,to250,ТО1-250,88750.0,1.2,1.8,
sl_730_1_56,sl_730_1,tr4,ТР,88750.0,41.06617647058813,59.448529411764554,88750.0
sl_730_1_45,sl_730_1,to1000,ТО3-1000,89000.0,12.0,18.0,
sl_730_1_56,sl_730_1,tr4,ТР,89000.0,41.264705882352835,59.79411764705867,89000.0
sl_730_1_43,sl_730_1,to250,ТО1-250,89250.0,1.2,1.8,
sl_730_1_56,sl_730_1,tr4,ТР,89250.0,41.46323529411754,60.139705882352786,89250.0
sl_730_1_44,sl_730_1,to500,ТО2-500,89500.0,11.0,16.5,
sl_730_1_56,sl_730_1,tr4,ТР,89500.0,41.66176470588224,60.4852941176469,89500.0
sl_730_1_43,sl_730_1,to250,ТО1-250,89750.0,1.2,1.8,
sl_730_1_56,sl_730_1,tr4,ТР,89750.0,41.860294117646944,60.83088235294102,89750.0
sl_730_1_56,sl_730_1,tr4,ТР,90000.0,42.05882352941165,61.176470588235134,90000.0
sl_730_1_43,sl_730_1,to250,ТО1-250,90250.0,1.2,1.8,
sl_730_1_56,sl_730_1,tr4,ТР,90250.0,42.25735294117635,61.52205882352925,90250.0
sl_730_1_44,sl_730_1,to500,ТО2-500,90500.0,11.0,16.5,
sl_730_1_56,sl_730_1,tr4,ТР,90500.0,42.45588235294105,61.867647058823366,90500.0
sl_730_1_43,sl_730_1,to250,ТО1-250,90750.0,1.2,1.8,
sl_730_1_56,sl_730_1,tr4,ТР,90750.0,42.654411764705756,62.21323529411748,90750.0
sl_730_1_45,sl_730_1,to1000,ТО3-1000,91000.0,12.0,18.0,
sl_730_1_56,sl_730_1,tr4,ТР,91000.0,42.85294117647046,62.5588235294116,91000.0
sl_730_1_43,sl_730_1,to250,ТО1-250,91250.0,1.2,1.8,
sl_730_1_56,sl_730_1,tr4,ТР,91250.0,43.05147058823516,62.90441176470571,91250.0
sl_730_1_56,sl_730_1,tr4,ТР,91500.0,43.249999999999865,63.24999999999983,91500.0
sl_730_1_43,sl_730_1,to250,ТО1-250,91750.0,1.2,1.8,
sl_730_1_56,sl_730_1,tr4,ТР,91750.0,43.44852941176457,63.595588235293945,91750.0
sl_730_1_49,sl_730_1,to4000,ТО7-4000,92000.0,19.5,29.25,
sl_730_1_56,sl_730_1,tr4,ТР,92000.0,43.64705882352927,63.94117647058806,92000.0
sl_730_1_43,sl_730_1,to250,ТО1-250,92250.0,1.2,1.8,
sl_730_1_56,sl_730_1,tr4,ТР,92250.0,43.845588235293974,64.28676470588218,92250.0
sl_730_1_48,sl_730_1,to2500,ТО6-2500,92500.0,19.0,28.5,
sl_730_1_56,sl_730_1,tr4,ТР,92500.0,44.04411764705868,64.6323529411763,92500.0
sl_730_1_43,sl_730_1,to250,ТО1-250,92750.0,1.2,1.8,
sl_730_1_56,sl_730_1,tr4,ТР,92750.0,44.24264705882338,64.97794117647041,92750.0
sl_730_1_45,sl_730_1,to1000,ТО3-1000,93000.0,12.0,18.0,
sl_730_1_56,sl_730_1,tr4,ТР,93000.0,44.44117647058808,65.32352941176453,93000.0
sl_730_1_43,sl_730_1,to250,ТО1-250,93250.0,1.2,1.8,
sl_730_1_56,sl_730_1,tr4,ТР,93250.0,44.639705882352786,65.66911764705864,93250.0
sl_730_1_44,sl_730_1,to500,ТО2-500,93500.0,11.0,16.5,
sl_730_1_56,sl_730_1,tr4,ТР,93500.0,44.83823529411749,66.01470588235276,93500.0
sl_730_1_43,sl_730_1,to250,ТО1-250,93750.0,1.2,1.8,
sl_730_1_56,sl_730_1,tr4,ТР,93750.0,45.03676470588219,66.36029411764687,93750.0
sl_730_1_47,sl_730_1,to2000,ТО5-2000,94000.0,14.0,21.0,
sl_730_1_56,sl_730_1,tr4,ТР,94000.0,45.235294117646895,66.70588235294099,94000.0
sl_730_1_43,sl_730_1,to250,ТО1-250,94250.0,1.2,1.8,
sl_730_1_56,sl_730_1,tr4,ТР,94250.0,45.4338235294116,67.0514705882351,94250.0
sl_730_1_56,sl_730_1,tr4,ТР,94500.0,45.6323529411763,67.39705882352922,94500.0
sl_730_1_43,sl_730_1,to250,ТО1-250,94750.0,1.2,1.8,
sl_730_1_56,sl_730_1,tr4,ТР,94750.0,45.830882352941,67.74264705882334,94750.0
sl_730_1_50,sl_730_1,to5000,ТО8-5000,95000.0,20.0,30.0,
sl_730_1_56,sl_730_1,tr4,ТР,95000.0,46.029411764705706,68.08823529411745,95000.0
sl_730_1_43,sl_730_1,to250,ТО1-250,95250.0,1.2,1.8,
sl_730_1_56,sl_730_1,tr4,ТР,95250.0,46.22794117647041,68.43382352941157,95250.0
sl_730_1_44,sl_730_1,to500,ТО2-500,95500.0,11.0,16.5,
sl_730_1_56,sl_730_1,tr4,ТР,95500.0,46.42647058823511,68.77941176470569,95500.0
sl_730_1_43,sl_730_1,to250,ТО1-250,95750.0,1.2,1.8,
sl_730_1_56,sl_730_1,tr4,ТР,95750.0,46.624999999999815,69.1249999999998,95750.0
sl_730_1_56,sl_730_1,tr4,ТР,96000.0,46.82352941176452,69.47058823529392,96000.0
sl_730_1_43,sl_730_1,to250,ТО1-250,96250.0,1.2,1.8,
sl_730_1_56,sl_730_1,tr4,ТР,96250.0,47.02205882352922,69.81617647058803,96250.0
sl_730_1_44,sl_730_1,to500,ТО2-500,96500.0,11.0,16.5,
sl_730_1_56,sl_730_1,tr4,ТР,96500.0,47.220588235293924,70.16176470588215,96500.0
sl_730_1_43,sl_730_1,to250,ТО1-250,96750.0,1.2,1.8,
sl_730_1_56,sl_730_1,tr4,ТР,96750.0,47.41911764705863,70.50735294117626,96750.0
sl_730_1_45,sl_730_1,to1000,ТО3-1000,97000.0,12.0,18.0,
sl_730_1_56,sl_730_1,tr4,ТР,97000.0,47.61764705882333,70.85294117647038,97000.0
sl_730_1_43,sl_730_1,to250,ТО1-250,97250.0,1.2,1.8,
sl_730_1_56,sl_730_1,tr4,ТР,97250.0,47.81617647058803,71.1985294117645,97250.0
sl_730_1_48,sl_730_1,to2500,ТО6-2500,97500.0,19.0,28.5,
sl_730_1_56,sl_730_1,tr4,ТР,97500.0,48.014705882352736,71.54411764705861,97500.0
sl_730_1_43,sl_730_1,to250,ТО1-250,97750.0,1.2,1.8,
sl_730_1_56,sl_730_1,tr4,ТР,97750.0,48.21323529411744,71.88970588235273,97750.0
sl_730_1_47,sl_730_1,to2000,ТО5-2000,98000.0,14.0,21.0,
sl_730_1_56,sl_730_1,tr4,ТР,98000.0,48.41176470588214,72.23529411764684,98000.0
sl_730_1_43,sl_730_1,to250,ТО1-250,98250.0,1.2,1.8,
sl_730_1_56,sl_730_1,tr4,ТР,98250.0,48.610294117646845,72.58088235294096,98250.0
sl_730_1_44,sl_730_1,to500,ТО2-500,98500.0,11.0,16.5,
sl_730_1_56,sl_730_1,tr4,ТР,98500.0,48.80882352941155,72.92647058823508,98500.0
sl_730_1_43,sl_730_1,to250,ТО1-250,98750.0,1.2,1.8,
sl_730_1_56,sl_730_1,tr4,ТР,98750.0,49.00735294117625,73.27205882352919,98750.0
sl_730_1_45,sl_730_1,to1000,ТО3-1000,99000.0,12.0,18.0,
sl_730_1_56,sl_730_1,tr4,ТР,99000.0,49.205882352940954,73.61764705882331,99000.0
sl_730_1_43,sl_730_1,to250,ТО1-250,99250.0,1.2,1.8,
sl_730_1_56,sl_730_1,tr4,ТР,99250.0,49.40441176470566,73.96323529411742,99250.0
sl_730_1_44,sl_730_1,to500,ТО2-500,99500.0,11.0,16.5,
sl_730_1_56,sl_730_1,tr4,ТР,99500.0,49.60294117647036,74.30882352941154,99500.0
sl_730_1_43,sl_730_1,to250,ТО1-250,99750.0,1.2,1.8,
sl_730_1_56,sl_730_1,tr4,ТР,99750.0,49.80147058823506,74.65441176470566,99750.0
sl_730_1_49,sl_730_1,to4000,ТО7-4000,100000.0,19.5,29.25,
sl_730_1_56,sl_730_1,tr4,ТР,100000.0,49.999999999999766,74.99999999999977,100000.0
sl_730_1_43,sl_730_1,to250,ТО1-250,100250.0,1.2,1.8,
sl_730_1_43,sl_730_1,to250,ТО1-250,100750.0,1.2,1.8,
sl_730_1_45,sl_730_1,to1000,ТО3-1000,101000.0,12.0,18.0,
sl_730_1_43,sl_730_1,to250,ТО1-250,101250.0,1.2,1.8,
sl_730_1_44,sl_730_1,to500,ТО2-500,101500.0,11.0,16.5,
sl_730_1_43,sl_730_1,to250,ТО1-250,101750.0,1.2,1.8,
sl_730_1_47,sl_730_1,to2000,ТО5-2000,102000.0,14.0,21.0,
sl_730_1_43,sl_730_1,to250,ТО1-250,102250.0,1.2,1.8,
sl_730_1_48,sl_730_1,to2500,ТО6-2500,102500.0,19.0,28.5,
sl_730_1_43,sl_730_1,to250,ТО1-250,102750.0,1.2,1.8,
sl_730_1_45,sl_730_1,to1000,ТО3-1000,103000.0,12.0,18.0,
sl_730_1_43,sl_730_1,to250,ТО1-250,103250.0,1.2,1.8,
sl_730_1_43,sl_730_1,to250,ТО1-250,103750.0,1.2,1.8,
sl_730_1_43,sl_730_1,to250,ТО1-250,104250.0,1.2,1.8,
sl_730_1_44,sl_730_1,to500,ТО2-500,104500.0,11.0,16.5,
sl_730_1_43,sl_730_1,to250,ТО1-250,104750.0,1.2,1.8,
sl_730_1_50,sl_730_1,to5000,ТО8-5000,105000.0,20.0,30.0,
sl_730_1_43,sl_730_1,to250,ТО1-250,105250.0,1.2,1.8,
sl_730_1_44,sl_730_1,to500,ТО2-500,105500.0,11.0,16.5,
sl_730_1_43,sl_730_1,to250,ТО1-250,105750.0,1.2,1.8,
sl_730_1_47,sl_730_1,to2000,ТО5-2000,106000.0,14.0,21.0,
sl_730_1_43,sl_730_1,to250,ТО1-250,106250.0,1.2,1.8,
sl_730_1_43,sl_730_1,to250,ТО1-250,106750.0,1.2,1.8,
sl_730_1_45,sl_730_1,to1000,ТО3-1000,107000.0,12.0,18.0,
sl_730_1_43,sl_730_1,to250,ТО1-250,107250.0,1.2,1.8,
sl_730_1_48,sl_730_1,to2500,ТО6-2500,107500.0,19.0,28.5,
sl_730_1_43,sl_730_1,to250,ТО1-250,107750.0,1.2,1.8,
sl_730_1_49,sl_730_1,to4000,ТО7-4000,108000.0,19.5,29.25,
sl_730_1_43,sl_730_1,to250,ТО1-250,108250.0,1.2,1.8,
sl_730_1_44,sl_730_1,to500,ТО2-500,108500.0,11.0,16.5,
sl_730_1_43,sl_730_1,to250,ТО1-250,108750.0,1.2,1.8,
sl_730_1_45,sl_730_1,to1000,ТО3-1000,109000.0,12.0,18.0,
sl_730_1_43,sl_730_1,to250,ТО1-250,109250.0,1.2,1.8,
sl_730_1_43,sl_730_1,to250,ТО1-250,109750.0,1.2,1.8,
sl_730_1_43,sl_730_1,to250,ТО1-250,110250.0,1.2,1.8,
sl_730_1_44,sl_730_1,to500,ТО2-500,110500.0,11.0,16.5,
sl_730_1_43,sl_730_1,to250,ТО1-250,110750.0,1.2,1.8,
sl_730_1_45,sl_730_1,to1000,ТО3-1000,111000.0,12.0,18.0,
sl_730_1_43,sl_730_1,to250,ТО1-250,111250.0,1.2,1.8,
sl_730_1_44,sl_730_1,to500,ТО2-500,111500.0,11.0,16.5,
sl_730_1_43,sl_730_1,to250,ТО1-250,111750.0,1.2,1.8,
sl_730_1_43,sl_730_1,to250,ТО1-250,112250.0,1.2,1.8,
sl_730_1_48,sl_730_1,to2500,ТО6-2500,112500.0,19.0,28.5,
sl_730_1_43,sl_730_1,to250,ТО1-250,112750.0,1.2,1.8,
sl_730_1_45,sl_730_1,to1000,ТО3-1000,113000.0,12.0,18.0,
sl_730_1_43,sl_730_1,to250,ТО1-250,113250.0,1.2,1.8,
sl_730_1_44,sl_730_1,to500,ТО2-500,113500.0,11.0,16.5,
sl_730_1_43,sl_730_1,to250,ТО1-250,113750.0,1.2,1.8,
sl_730_1_47,sl_730_1,to2000,ТО5-2000,114000.0,14.0,21.0,
sl_730_1_43,sl_730_1,to250,ТО1-250,114250.0,1.2,1.8,
sl_730_1_44,sl_730_1,to500,ТО2-500,114500.0,11.0,16.5,
sl_730_1_43,sl_730_1,to250,ТО1-250,114750.0,1.2,1.8,
sl_730_1_50,sl_730_1,to5000,ТО8-5000,115000.0,20.0,30.0,
sl_730_1_43,sl_730_1,to250,ТО1-250,115250.0,1.2,1.8,
sl_730_1_43,sl_730_1,to250,ТО1-250,115750.0,1.2,1.8,
sl_730_1_49,sl_730_1,to4000,ТО7-4000,116000.0,19.5,29.25,
sl_730_1_43,sl_730_1,to250,ТО1-250,116250.0,1.2,1.8,
sl_730_1_44,sl_730_1,to500,ТО2-500,116500.0,11.0,16.5,
sl_730_1_43,sl_730_1,to250,ТО1-250,116750.0,1.2,1.8,
sl_730_1_45,sl_730_1,to1000,ТО3-1000,117000.0,12.0,18.0,
sl_730_1_43,sl_730_1,to250,ТО1-250,117250.0,1.2,1.8,
sl_730_1_48,sl_730_1,to2500,ТО6-2500,117500.0,19.0,28.5,
sl_730_1_43,sl_730_1,to250,ТО1-250,117750.0,1.2,1.8,
sl_730_1_47,sl_730_1,to2000,ТО5-2000,118000.0,14.0,21.0,
sl_730_1_43,sl_730_1,to250,ТО1-250,118250.0,1.2,1.8,
sl_730_1_43,sl_730_1,to250,ТО1-250,118750.0,1.2,1.8,
sl_730_1_45,sl_730_1,to1000,ТО3-1000,119000.0,12.0,18.0,
sl_730_1_43,sl_730_1,to250,ТО1-250,119250.0,1.2,1.8,
sl_730_1_44,sl_730_1,to500,ТО2-500,119500.0,11.0,16.5,
sl_730_1_43,sl_730_1,to250,ТО1-250,119750.0,1.2,1.8,
sl_730_1_43,sl_730_1,to250,ТО1-250,120250.0,1.2,1.8,
sl_730_1_44,sl_730_1,to500,ТО2-500,120500.0,11.0,16.5,
sl_730_1_43,sl_730_1,to250,ТО1-250,120750.0,1.2,1.8,
sl_730_1_45,sl_730_1,to1000,ТО3-1000,121000.0,12.0,18.0,
sl_730_1_43,sl_730_1,to250,ТО1-250,121250.0,1.2,1.8,
sl_730_1_43,sl_730_1,to250,ТО1-250,121750.0,1.2,1.8,
sl_730_1_47,sl_730_1,to2000,ТО5-2000,122000.0,14.0,21.0,
sl_730_1_43,sl_730_1,to250,ТО1-250,122250.0,1.2,1.8,
sl_730_1_48,sl_730_1,to2500,ТО6-2500,122500.0,19.0,28.5,
sl_730_1_43,sl_730_1,to250,ТО1-250,122750.0,1.2,1.8,
sl_730_1_45,sl_730_1,to1000,ТО3-1000,123000.0,12.0,18.0,
sl_730_1_43,sl_730_1,to250,ТО1-250,123250.0,1.2,1.8,
sl_730_1_44,sl_730_1,to500,ТО2-500,123500.0,11.0,16.5,
sl_730_1_43,sl_730_1,to250,ТО1-250,123750.0,1.2,1.8,
sl_730_1_49,sl_730_1,to4000,ТО7-4000,124000.0,19.5,29.25,
sl_730_1_43,sl_730_1,to250,ТО1-250,124250.0,1.2,1.8,
sl_730_1_43,sl_730_1,to250,ТО1-250,124750.0,1.2,1.8,
sl_730_1_50,sl_730_1,to5000,ТО8-5000,125000.0,20.0,30.0,
sl_730_1_43,sl_730_1,to250,ТО1-250,125250.0,1.2,1.8,
sl_730_1_44,sl_730_1,to500,ТО2-500,125500.0,11.0,16.5,
sl_730_1_43,sl_730_1,to250,ТО1-250,125750.0,1.2,1.8,
sl_730_1_47,sl_730_1,to2000,ТО5-2000,126000.0,14.0,21.0,
sl_730_1_43,sl_730_1,to250,ТО1-250,126250.0,1.2,1.8,
sl_730_1_44,sl_730_1,to500,ТО2-500,126500.0,11.0,16.5,
sl_730_1_43,sl_730_1,to250,ТО1-250,126750.0,1.2,1.8,
sl_730_1_45,sl_730_1,to1000,ТО3-1000,127000.0,12.0,18.0,
sl_730_1_43,sl_730_1,to250,ТО1-250,127250.0,1.2,1.8,
sl_730_1_48,sl_730_1,to2500,ТО6-2500,127500.0,19.0,28.5,
sl_730_1_43,sl_730_1,to250,ТО1-250,127750.0,1.2,1.8,
sl_730_1_43,sl_730_1,to250,ТО1-250,128250.0,1.2,1.8,
sl_730_1_44,sl_730_1,to500,ТО2-500,128500.0,11.0,16.5,
sl_730_1_43,sl_730_1,to250,ТО1-250,128750.0,1.2,1.8,
sl_730_1_45,sl_730_1,to1000,ТО3-1000,129000.0,12.0,18.0,
sl_730_1_43,sl_730_1,to250,ТО1-250,129250.0,1.2,1.8,
sl_730_1_44,sl_730_1,to500,ТО2-500,129500.0,11.0,16.5,
sl_730_1_43,sl_730_1,to250,ТО1-250,129750.0,1.2,1.8,
sl_730_1_43,sl_730_1,to250,ТО1-250,130250.0,1.2,1.8,
sl_730_1_43,sl_730_1,to250,ТО1-250,130750.0,1.2,1.8,
sl_730_1_45,sl_730_1,to1000,ТО3-1000,131000.0,12.0,18.0,
sl_730_1_43,sl_730_1,to250,ТО1-250,131250.0,1.2,1.8,
sl_730_1_44,sl_730_1,to500,ТО2-500,131500.0,11.0,16.5,
sl_730_1_43,sl_730_1,to250,ТО1-250,131750.0,1.2,1.8,
sl_730_1_49,sl_730_1,to4000,ТО7-4000,132000.0,19.5,29.25,
sl_730_1_43,sl_730_1,to250,ТО1-250,132250.0,1.2,1.8,
sl_730_1_48,sl_730_1,to2500,ТО6-2500,132500.0,19.0,28.5,
sl_730_1_43,sl_730_1,to250,ТО1-250,132750.0,1.2,1.8,
sl_730_1_45,sl_730_1,to1000,ТО3-1000,133000.0,12.0,18.0,
sl_730_1_43,sl_730_1,to250,ТО1-250,133250.0,1.2,1.8,
sl_730_1_43,sl_730_1,to250,ТО1-250,133750.0,1.2,1.8,
sl_730_1_47,sl_730_1,to2000,ТО5-2000,134000.0,14.0,21.0,
sl_730_1_43,sl_730_1,to250,ТО1-250,134250.0,1.2,1.8,
sl_730_1_44,sl_730_1,to500,ТО2-500,134500.0,11.0,16.5,
sl_730_1_43,sl_730_1,to250,ТО1-250,134750.0,1.2,1.8,
